{"cameraMode":{"drawMode":0,"name":"Shaded","section":"Shading Mode"},"sceneLighting":true,"audioPlay":false,"sceneViewState":{"m_AlwaysRefresh":false,"showFog":true,"showSkybox":true,"showFlares":true,"showImageEffects":true,"showParticleSystems":true,"showVisualEffectGraphs":true,"m_FxEnabled":true},"in2DMode":false,"pivot":{"x":298.0308532714844,"y":321.5480041503906,"z":-159.37173461914063},"rotation":{"x":0.007182099390774965,"y":-0.04738428816199303,"z":-0.00034072509151883423,"w":-0.9988624453544617},"size":40.346317291259769,"orthographic":false}