{"cameraMode":{"drawMode":0,"name":"Shaded","section":"Shading Mode"},"sceneLighting":true,"audioPlay":false,"sceneViewState":{"m_AlwaysRefresh":false,"showFog":true,"showSkybox":true,"showFlares":true,"showImageEffects":true,"showParticleSystems":true,"showVisualEffectGraphs":true,"m_FxEnabled":true},"in2DMode":false,"pivot":{"x":6.488430500030518,"y":9.369660377502442,"z":-3.200329542160034},"rotation":{"x":0.022183269262313844,"y":-0.021895620971918107,"z":-0.0004858757311012596,"w":-0.9995144009590149},"size":12.12435531616211,"orthographic":false}